{"version":1,"date":1608325090211,"blocks":[{"id":"2bb7dc3d-c36a-4e00-8e0f-a6d31ac053c7","parentId":"","rootId":"2bb7dc3d-c36a-4e00-8e0f-a6d31ac053c7","schema":1,"type":"board","title":"Project Tasks","fields":{"cardProperties":[{"id":"a972dc7a-5f4c-45d2-8044-8c28c69717f1","name":"Status","options":[{"color":"propColorDefault","id":"447ecf41-df5d-42e1-89ab-714e675ea671","value":"Next Up"},{"color":"propColorYellow","id":"dd7b3a79-eb2d-4935-8959-29059ad9573a","value":"In Progress"},{"color":"propColorGreen","id":"dd7ab2bd-9c76-4de9-80f8-517e16fd1851","value":"Completed  🙌"},{"color":"propColorBrown","id":"65e5c9a3-3baa-4f17-816c-2ab2ba73ded9","value":"Archived"}],"type":"select"},{"id":"d3d682bf-e074-49d9-8df5-7320921c2d23","name":"Priority","options":[{"color":"propColorRed","id":"d3bfb50f-f569-4bad-8a3a-dd15c3f60101","value":"High 🔥"},{"color":"propColorYellow","id":"87f59784-b859-4c24-8ebe-17c766e081dd","value":"Medium"},{"color":"propColorGray","id":"98a57627-0f76-471d-850d-91f3ed9fd213","value":"Low"}],"type":"select"},{"id":"2a5da320-735c-4093-8787-f56e15cdfeed","name":"Date Created","options":[],"type":"createdTime"}],"description":"","icon":"🎯","isTemplate":true},"createAt":1607621761532,"updateAt":1607622282496,"deleteAt":0},{"id":"3fa520eb-30cd-4852-829a-ba3bc7e88e26","parentId":"","rootId":"3fa520eb-30cd-4852-829a-ba3bc7e88e26","schema":1,"type":"board","title":"Meeting Notes","fields":{"cardProperties":[{"id":"7c212e78-9345-4c60-81b5-0b0e37ce463f","name":"Type","options":[{"color":"propColorYellow","id":"31da50ca-f1a9-4d21-8636-17dc387c1a23","value":"Ad Hoc"},{"color":"propColorBlue","id":"def6317c-ec11-410d-8a6b-ea461320f392","value":"Standup"},{"color":"propColorPurple","id":"700f83f8-6a41-46cd-87e2-53e0d0b12cc7","value":"Weekly Sync"}],"type":"select"},{"id":"13d2394a-eb5e-4f22-8c22-6515ec41c4a4","name":"Summary","options":[],"type":"text"}],"description":"","icon":"🗒️","isTemplate":true},"createAt":1607717166966,"updateAt":1607717363981,"deleteAt":0},{"id":"6be39cc1-f25c-47bf-8d49-f6e4a80cf872","parentId":"","rootId":"6be39cc1-f25c-47bf-8d49-f6e4a80cf872","schema":1,"type":"board","title":"Personal Goals","fields":{"cardProperties":[{"id":"af6fcbb8-ca56-4b73-83eb-37437b9a667d","name":"Status","options":[{"color":"propColorRed","id":"bf52bfe6-ac4c-4948-821f-83eaa1c7b04a","value":"To Do"},{"color":"propColorYellow","id":"77c539af-309c-4db1-8329-d20ef7e9eacd","value":"Doing"},{"color":"propColorGreen","id":"98bdea27-0cce-4cde-8dc6-212add36e63a","value":"Done 🙌"}],"type":"select"},{"id":"d9725d14-d5a8-48e5-8de1-6f8c004a9680","name":"Category","options":[{"color":"propColorPurple","id":"3245a32d-f688-463b-87f4-8e7142c1b397","value":"Life Skills"},{"color":"propColorGreen","id":"80be816c-fc7a-4928-8489-8b02180f4954","value":"Finance"},{"color":"propColorOrange","id":"ffb3f951-b47f-413b-8f1d-238666728008","value":"Health"}],"type":"select"},{"id":"d6b1249b-bc18-45fc-889e-bec48fce80ef","name":"Due Date","options":[{"color":"propColorDefault","id":"9a090e33-b110-4268-8909-132c5002c90e","value":"Q1"},{"color":"propColorDefault","id":"0a82977f-52bf-457b-841b-e2b7f76fb525","value":"Q2"},{"color":"propColorDefault","id":"6e7139e4-5358-46bb-8c01-7b029a57b80a","value":"Q3"},{"color":"propColorDefault","id":"d5371c63-66bf-4468-8738-c4dc4bea4843","value":"Q4"}],"type":"select"}],"description":"","icon":"⛰️","isTemplate":true},"createAt":1607715218270,"updateAt":1607715615615,"deleteAt":0},{"id":"934f92b7-9fd1-4b93-8fc1-044abdaeccc9","parentId":"","rootId":"934f92b7-9fd1-4b93-8fc1-044abdaeccc9","schema":1,"type":"board","title":"Personal Tasks","fields":{"cardProperties":[{"id":"d777ba3b-8728-40d1-87a6-59406bbbbfb0","name":"Status","options":[{"color":"propColorPink","id":"34eb9c25-d5bf-49d9-859e-f74f4e0030e7","value":"To Do"},{"color":"propColorYellow","id":"d37a61f4-f332-4db9-8b2d-5e0a91aa20ed","value":"Doing"},{"color":"propColorGreen","id":"dabadd9b-adf1-4d9f-8702-805ac6cef602","value":"Done 🙌"}],"type":"select"}],"description":"","icon":"✔️","isTemplate":true},"createAt":1607620935516,"updateAt":1607621395525,"deleteAt":0},{"id":"d7f8378d-8145-4c82-84d6-affbeb7fd7da","parentId":"","rootId":"d7f8378d-8145-4c82-84d6-affbeb7fd7da","schema":1,"type":"board","title":"Roadmap","fields":{"cardProperties":[{"id":"50117d52-bcc7-4750-82aa-831a351c44a0","name":"Status","options":[{"color":"propColorDefault","id":"8c557f69-b0ed-46ec-83a3-8efab9d47ef5","value":"Not Started"},{"color":"propColorYellow","id":"ec6d2bc5-df2b-4f77-8479-e59ceb039946","value":"In Progress"},{"color":"propColorGreen","id":"849766ba-56a5-48d1-886f-21672f415395","value":"Complete 🙌"}],"type":"select"},{"id":"20717ad3-5741-4416-83f1-6f133fff3d11","name":"Type","options":[{"color":"propColorYellow","id":"424ea5e3-9aa1-4075-8c5c-01b44b66e634","value":"Epic ⛰"},{"color":"propColorGreen","id":"6eea96c9-4c61-4968-8554-4b7537e8f748","value":"Task 🔨"},{"color":"propColorRed","id":"1fdbb515-edd2-4af5-80fc-437ed2211a49","value":"Bug 🐞"}],"type":"select"},{"id":"60985f46-3e41-486e-8213-2b987440ea1c","name":"Sprint","options":[{"color":"propColorDefault","id":"c01676ca-babf-4534-8be5-cce2287daa6c","value":"Sprint 1"},{"color":"propColorDefault","id":"ed4a5340-460d-461b-8838-2c56e8ee59fe","value":"Sprint 2"},{"color":"propColorDefault","id":"14892380-1a32-42dd-8034-a0cea32bc7e6","value":"Sprint 3"}],"type":"select"},{"id":"f7f3ad42-b31a-4ac2-81f0-28ea80c5b34e","name":"Priority","options":[{"color":"propColorRed","id":"cb8ecdac-38be-4d36-8712-c4d58cc8a8e9","value":"P1 🔥"},{"color":"propColorYellow","id":"e6a7f297-4440-4783-8ab3-3af5ba62ca11","value":"P2"},{"color":"propColorGray","id":"c62172ea-5da7-4dec-8186-37267d8ee9a7","value":"P3"}],"type":"select"}],"description":"","icon":"🗺️","isTemplate":true},"createAt":1607622525084,"updateAt":1607623202040,"deleteAt":0},{"id":"007cac66-4ab5-4b50-85b2-209d9e55ac0c","parentId":"2bb7dc3d-c36a-4e00-8e0f-a6d31ac053c7","rootId":"2bb7dc3d-c36a-4e00-8e0f-a6d31ac053c7","schema":1,"type":"card","title":"Settings UX","fields":{"icon":"🎛️","properties":{"a972dc7a-5f4c-45d2-8044-8c28c69717f1":"dd7b3a79-eb2d-4935-8959-29059ad9573a","d3d682bf-e074-49d9-8df5-7320921c2d23":"87f59784-b859-4c24-8ebe-17c766e081dd"}},"createAt":1607621995142,"updateAt":1607622045909,"deleteAt":0},{"id":"1c356f9e-f28a-4b1e-86f5-7f4e9d4a7134","parentId":"2bb7dc3d-c36a-4e00-8e0f-a6d31ac053c7","rootId":"2bb7dc3d-c36a-4e00-8e0f-a6d31ac053c7","schema":1,"type":"card","title":"Task","fields":{"icon":"","isTemplate":true,"properties":{"a972dc7a-5f4c-45d2-8044-8c28c69717f1":"447ecf41-df5d-42e1-89ab-714e675ea671","d3d682bf-e074-49d9-8df5-7320921c2d23":"87f59784-b859-4c24-8ebe-17c766e081dd"}},"createAt":1607622405246,"updateAt":1607622411023,"deleteAt":0},{"id":"1cd434b0-75a6-473d-823e-958ac98af66d","parentId":"2bb7dc3d-c36a-4e00-8e0f-a6d31ac053c7","rootId":"2bb7dc3d-c36a-4e00-8e0f-a6d31ac053c7","schema":1,"type":"view","title":"By Priority","fields":{"cardOrder":[],"columnWidths":{},"filter":{"filters":[],"operation":"and"},"groupById":"d3d682bf-e074-49d9-8df5-7320921c2d23","hiddenOptionIds":[],"sortOptions":[],"viewType":"board","visibleOptionIds":[],"visiblePropertyIds":["d3d682bf-e074-49d9-8df5-7320921c2d23"]},"createAt":1607621761533,"updateAt":1607622253625,"deleteAt":0},{"id":"6f35d3b3-0bd7-4a0b-8c04-458092c36f83","parentId":"2bb7dc3d-c36a-4e00-8e0f-a6d31ac053c7","rootId":"2bb7dc3d-c36a-4e00-8e0f-a6d31ac053c7","schema":1,"type":"card","title":"Database Schema","fields":{"icon":"💽","properties":{"a972dc7a-5f4c-45d2-8044-8c28c69717f1":"447ecf41-df5d-42e1-89ab-714e675ea671","d3d682bf-e074-49d9-8df5-7320921c2d23":"d3bfb50f-f569-4bad-8a3a-dd15c3f60101"}},"createAt":1607621849737,"updateAt":1607621947664,"deleteAt":0},{"id":"b9d1fc1e-8011-40f6-81cb-a60b0139cb8d","parentId":"2bb7dc3d-c36a-4e00-8e0f-a6d31ac053c7","rootId":"2bb7dc3d-c36a-4e00-8e0f-a6d31ac053c7","schema":1,"type":"view","title":"All Tasks","fields":{"cardOrder":[],"columnWidths":{"2a5da320-735c-4093-8787-f56e15cdfeed":179,"__title":280,"a972dc7a-5f4c-45d2-8044-8c28c69717f1":122,"d3d682bf-e074-49d9-8df5-7320921c2d23":110},"filter":{"filters":[],"operation":"and"},"hiddenOptionIds":[],"sortOptions":[],"viewType":"table","visibleOptionIds":[],"visiblePropertyIds":["a972dc7a-5f4c-45d2-8044-8c28c69717f1","d3d682bf-e074-49d9-8df5-7320921c2d23","2a5da320-735c-4093-8787-f56e15cdfeed"]},"createAt":1607622264963,"updateAt":1607622361352,"deleteAt":0},{"id":"c0cdec18-2893-49e9-84ec-525db0a54d3b","parentId":"2bb7dc3d-c36a-4e00-8e0f-a6d31ac053c7","rootId":"2bb7dc3d-c36a-4e00-8e0f-a6d31ac053c7","schema":1,"type":"view","title":"By Status","fields":{"cardOrder":[],"columnWidths":{},"filter":{"filters":[],"operation":"and"},"groupById":"a972dc7a-5f4c-45d2-8044-8c28c69717f1","hiddenOptionIds":[],"sortOptions":[],"viewType":"board","visibleOptionIds":[],"visiblePropertyIds":[]},"createAt":1607622244794,"updateAt":1607622258747,"deleteAt":0},{"id":"f6a9d1eb-636e-4fc5-8317-c82a97381675","parentId":"2bb7dc3d-c36a-4e00-8e0f-a6d31ac053c7","rootId":"2bb7dc3d-c36a-4e00-8e0f-a6d31ac053c7","schema":1,"type":"card","title":"API Layer","fields":{"icon":"🌴","properties":{"a972dc7a-5f4c-45d2-8044-8c28c69717f1":"447ecf41-df5d-42e1-89ab-714e675ea671","d3d682bf-e074-49d9-8df5-7320921c2d23":"87f59784-b859-4c24-8ebe-17c766e081dd"}},"createAt":1607622060694,"updateAt":1607622161420,"deleteAt":0},{"id":"80119267-bbd7-44c7-8322-224e0cf2e768","parentId":"3fa520eb-30cd-4852-829a-ba3bc7e88e26","rootId":"3fa520eb-30cd-4852-829a-ba3bc7e88e26","schema":1,"type":"card","title":"Nov 2","fields":{"contentOrder":["7e0ada05-4b81-4dda-80d6-f5505fec8d6b"],"icon":"🎻","properties":{"13d2394a-eb5e-4f22-8c22-6515ec41c4a4":"Green light!","7c212e78-9345-4c60-81b5-0b0e37ce463f":"def6317c-ec11-410d-8a6b-ea461320f392"}},"createAt":1607717223265,"updateAt":1608325080369,"deleteAt":0},{"id":"b810c199-ea69-4608-8b03-20aeb928f1b0","parentId":"3fa520eb-30cd-4852-829a-ba3bc7e88e26","rootId":"3fa520eb-30cd-4852-829a-ba3bc7e88e26","schema":1,"type":"view","title":"By type","fields":{"cardOrder":[],"columnWidths":{},"filter":{"filters":[],"operation":"and"},"groupById":"7c212e78-9345-4c60-81b5-0b0e37ce463f","hiddenOptionIds":[],"sortOptions":[],"viewType":"board","visibleOptionIds":[],"visiblePropertyIds":["13d2394a-eb5e-4f22-8c22-6515ec41c4a4"]},"createAt":1607717167002,"updateAt":1607718080225,"deleteAt":0},{"id":"d81527f6-693f-44ad-8f9f-f72902046496","parentId":"3fa520eb-30cd-4852-829a-ba3bc7e88e26","rootId":"3fa520eb-30cd-4852-829a-ba3bc7e88e26","schema":1,"type":"view","title":"Table view","fields":{"cardOrder":[],"columnWidths":{"13d2394a-eb5e-4f22-8c22-6515ec41c4a4":622,"7c212e78-9345-4c60-81b5-0b0e37ce463f":135,"__title":280},"filter":{"filters":[],"operation":"and"},"hiddenOptionIds":[],"sortOptions":[],"viewType":"table","visibleOptionIds":[],"visiblePropertyIds":["7c212e78-9345-4c60-81b5-0b0e37ce463f","13d2394a-eb5e-4f22-8c22-6515ec41c4a4"]},"createAt":1607717190006,"updateAt":1607717457841,"deleteAt":0},{"id":"2010b448-c292-42eb-8ab7-cd6561cbc0b4","parentId":"6be39cc1-f25c-47bf-8d49-f6e4a80cf872","rootId":"6be39cc1-f25c-47bf-8d49-f6e4a80cf872","schema":1,"type":"card","title":"Start a daily journal","fields":{"icon":"✍️","properties":{"af6fcbb8-ca56-4b73-83eb-37437b9a667d":"bf52bfe6-ac4c-4948-821f-83eaa1c7b04a","d6b1249b-bc18-45fc-889e-bec48fce80ef":"0a82977f-52bf-457b-841b-e2b7f76fb525","d9725d14-d5a8-48e5-8de1-6f8c004a9680":"3245a32d-f688-463b-87f4-8e7142c1b397"}},"createAt":1607715557441,"updateAt":1607715581618,"deleteAt":0},{"id":"26cca8ac-cb48-4a37-8854-84bae9b19848","parentId":"6be39cc1-f25c-47bf-8d49-f6e4a80cf872","rootId":"6be39cc1-f25c-47bf-8d49-f6e4a80cf872","schema":1,"type":"view","title":"By status","fields":{"cardOrder":[],"columnWidths":{},"filter":{"filters":[],"operation":"and"},"groupById":"af6fcbb8-ca56-4b73-83eb-37437b9a667d","hiddenOptionIds":[],"sortOptions":[],"viewType":"board","visibleOptionIds":[],"visiblePropertyIds":["d9725d14-d5a8-48e5-8de1-6f8c004a9680","d6b1249b-bc18-45fc-889e-bec48fce80ef"]},"createAt":1607715225372,"updateAt":1607715518267,"deleteAt":0},{"id":"38f4be07-f1fa-494c-8c15-a907006f9a55","parentId":"6be39cc1-f25c-47bf-8d49-f6e4a80cf872","rootId":"6be39cc1-f25c-47bf-8d49-f6e4a80cf872","schema":1,"type":"card","title":"Learn to paint","fields":{"icon":"🎨","properties":{"af6fcbb8-ca56-4b73-83eb-37437b9a667d":"77c539af-309c-4db1-8329-d20ef7e9eacd","d6b1249b-bc18-45fc-889e-bec48fce80ef":"9a090e33-b110-4268-8909-132c5002c90e","d9725d14-d5a8-48e5-8de1-6f8c004a9680":"3245a32d-f688-463b-87f4-8e7142c1b397"}},"createAt":1607715320953,"updateAt":1607715491384,"deleteAt":0},{"id":"5013c8a7-88e4-490f-8932-119490a110d4","parentId":"6be39cc1-f25c-47bf-8d49-f6e4a80cf872","rootId":"6be39cc1-f25c-47bf-8d49-f6e4a80cf872","schema":1,"type":"card","title":"Open retirement account","fields":{"icon":"🏦","properties":{"af6fcbb8-ca56-4b73-83eb-37437b9a667d":"bf52bfe6-ac4c-4948-821f-83eaa1c7b04a","d6b1249b-bc18-45fc-889e-bec48fce80ef":"0a82977f-52bf-457b-841b-e2b7f76fb525","d9725d14-d5a8-48e5-8de1-6f8c004a9680":"80be816c-fc7a-4928-8489-8b02180f4954"}},"createAt":1607715386555,"updateAt":1607715500046,"deleteAt":0},{"id":"5885188e-e772-460f-87a2-86308cfc47c0","parentId":"6be39cc1-f25c-47bf-8d49-f6e4a80cf872","rootId":"6be39cc1-f25c-47bf-8d49-f6e4a80cf872","schema":1,"type":"card","title":"Run 3 times a week","fields":{"icon":"🏃","properties":{"af6fcbb8-ca56-4b73-83eb-37437b9a667d":"bf52bfe6-ac4c-4948-821f-83eaa1c7b04a","d6b1249b-bc18-45fc-889e-bec48fce80ef":"6e7139e4-5358-46bb-8c01-7b029a57b80a","d9725d14-d5a8-48e5-8de1-6f8c004a9680":"ffb3f951-b47f-413b-8f1d-238666728008"}},"createAt":1607715432146,"updateAt":1607715503814,"deleteAt":0},{"id":"ab563eab-b407-434a-8718-18dc887e002f","parentId":"6be39cc1-f25c-47bf-8d49-f6e4a80cf872","rootId":"6be39cc1-f25c-47bf-8d49-f6e4a80cf872","schema":1,"type":"view","title":"By due date","fields":{"cardOrder":[],"columnWidths":{},"filter":{"filters":[],"operation":"and"},"groupById":"d6b1249b-bc18-45fc-889e-bec48fce80ef","hiddenOptionIds":[],"sortOptions":[],"viewType":"board","visibleOptionIds":[],"visiblePropertyIds":["d9725d14-d5a8-48e5-8de1-6f8c004a9680"]},"createAt":1607715522941,"updateAt":1607715538357,"deleteAt":0},{"id":"07ba5a30-3e96-4eed-8daf-854cb0aa7307","parentId":"934f92b7-9fd1-4b93-8fc1-044abdaeccc9","rootId":"934f92b7-9fd1-4b93-8fc1-044abdaeccc9","schema":1,"type":"view","title":"Board View","fields":{"cardOrder":[],"columnWidths":{},"filter":{"filters":[],"operation":"and"},"hiddenOptionIds":[],"sortOptions":[],"viewType":"board","visibleOptionIds":[],"visiblePropertyIds":[]},"createAt":1607620935517,"updateAt":1607620935517,"deleteAt":0},{"id":"0ee95f39-ce2c-4d68-8181-1cb0d2efa61f","parentId":"934f92b7-9fd1-4b93-8fc1-044abdaeccc9","rootId":"934f92b7-9fd1-4b93-8fc1-044abdaeccc9","schema":1,"type":"card","title":"Gardening","fields":{"icon":"🌳","properties":{"d777ba3b-8728-40d1-87a6-59406bbbbfb0":"34eb9c25-d5bf-49d9-859e-f74f4e0030e7"}},"createAt":1607621340026,"updateAt":1607621358790,"deleteAt":0},{"id":"523412c1-353a-42fb-818f-adb6b2e5bc7d","parentId":"934f92b7-9fd1-4b93-8fc1-044abdaeccc9","rootId":"934f92b7-9fd1-4b93-8fc1-044abdaeccc9","schema":1,"type":"card","title":"New Task","fields":{"icon":"","isTemplate":true,"properties":{"d777ba3b-8728-40d1-87a6-59406bbbbfb0":"34eb9c25-d5bf-49d9-859e-f74f4e0030e7"}},"createAt":1607621446131,"updateAt":1607621451060,"deleteAt":0},{"id":"7d014689-ef9f-4cf7-868d-be527e6f36d6","parentId":"934f92b7-9fd1-4b93-8fc1-044abdaeccc9","rootId":"934f92b7-9fd1-4b93-8fc1-044abdaeccc9","schema":1,"type":"card","title":"Feed Fluffy","fields":{"icon":"🐱","properties":{"d777ba3b-8728-40d1-87a6-59406bbbbfb0":"34eb9c25-d5bf-49d9-859e-f74f4e0030e7"}},"createAt":1607621208647,"updateAt":1607621298550,"deleteAt":0},{"id":"974560b9-cf5f-440c-87f0-25615b71321e","parentId":"934f92b7-9fd1-4b93-8fc1-044abdaeccc9","rootId":"934f92b7-9fd1-4b93-8fc1-044abdaeccc9","schema":1,"type":"card","title":"Go for a walk","fields":{"icon":"👣","properties":{"d777ba3b-8728-40d1-87a6-59406bbbbfb0":"34eb9c25-d5bf-49d9-859e-f74f4e0030e7"}},"createAt":1607621316575,"updateAt":1607621336252,"deleteAt":0},{"id":"499f58ec-b412-4c84-8cf4-97a2668978ad","parentId":"d7f8378d-8145-4c82-84d6-affbeb7fd7da","rootId":"d7f8378d-8145-4c82-84d6-affbeb7fd7da","schema":1,"type":"view","title":"Bugs 🐞","fields":{"cardOrder":[],"columnWidths":{"__title":280},"filter":{"filters":[{"condition":"includes","propertyId":"20717ad3-5741-4416-83f1-6f133fff3d11","values":["1fdbb515-edd2-4af5-80fc-437ed2211a49"]}],"operation":"and"},"hiddenOptionIds":[],"sortOptions":[{"propertyId":"f7f3ad42-b31a-4ac2-81f0-28ea80c5b34e","reversed":false}],"viewType":"table","visibleOptionIds":[],"visiblePropertyIds":["50117d52-bcc7-4750-82aa-831a351c44a0","20717ad3-5741-4416-83f1-6f133fff3d11","60985f46-3e41-486e-8213-2b987440ea1c","f7f3ad42-b31a-4ac2-81f0-28ea80c5b34e"]},"createAt":1607624425287,"updateAt":1607624472617,"deleteAt":0},{"id":"5e6f15b1-22b8-4ef5-822a-ad223d21c200","parentId":"d7f8378d-8145-4c82-84d6-affbeb7fd7da","rootId":"d7f8378d-8145-4c82-84d6-affbeb7fd7da","schema":1,"type":"card","title":"Review API design","fields":{"icon":"🛣️","properties":{"20717ad3-5741-4416-83f1-6f133fff3d11":"424ea5e3-9aa1-4075-8c5c-01b44b66e634","50117d52-bcc7-4750-82aa-831a351c44a0":"8c557f69-b0ed-46ec-83a3-8efab9d47ef5","60985f46-3e41-486e-8213-2b987440ea1c":"14892380-1a32-42dd-8034-a0cea32bc7e6","f7f3ad42-b31a-4ac2-81f0-28ea80c5b34e":"e6a7f297-4440-4783-8ab3-3af5ba62ca11"}},"createAt":1607622599088,"updateAt":1607623108524,"deleteAt":0},{"id":"789b834b-4125-45c1-8daf-d36b69ce2825","parentId":"d7f8378d-8145-4c82-84d6-affbeb7fd7da","rootId":"d7f8378d-8145-4c82-84d6-affbeb7fd7da","schema":1,"type":"view","title":"By Sprint","fields":{"cardOrder":[],"columnWidths":{},"filter":{"filters":[],"operation":"and"},"groupById":"60985f46-3e41-486e-8213-2b987440ea1c","hiddenOptionIds":[],"sortOptions":[{"propertyId":"f7f3ad42-b31a-4ac2-81f0-28ea80c5b34e","reversed":false}],"viewType":"board","visibleOptionIds":[],"visiblePropertyIds":["20717ad3-5741-4416-83f1-6f133fff3d11","f7f3ad42-b31a-4ac2-81f0-28ea80c5b34e"]},"createAt":1607623005538,"updateAt":1607623148368,"deleteAt":0},{"id":"9320d640-cfd7-45f3-8c21-da02017ec05b","parentId":"d7f8378d-8145-4c82-84d6-affbeb7fd7da","rootId":"d7f8378d-8145-4c82-84d6-affbeb7fd7da","schema":1,"type":"card","title":"Icons don't display","fields":{"icon":"🍗","properties":{"20717ad3-5741-4416-83f1-6f133fff3d11":"1fdbb515-edd2-4af5-80fc-437ed2211a49","50117d52-bcc7-4750-82aa-831a351c44a0":"8c557f69-b0ed-46ec-83a3-8efab9d47ef5","60985f46-3e41-486e-8213-2b987440ea1c":"ed4a5340-460d-461b-8838-2c56e8ee59fe","f7f3ad42-b31a-4ac2-81f0-28ea80c5b34e":"cb8ecdac-38be-4d36-8712-c4d58cc8a8e9"}},"createAt":1607622938201,"updateAt":1607623102505,"deleteAt":0},{"id":"b889886a-ff89-4e3d-80f6-529e671a3f98","parentId":"d7f8378d-8145-4c82-84d6-affbeb7fd7da","rootId":"d7f8378d-8145-4c82-84d6-affbeb7fd7da","schema":1,"type":"card","title":"Import / Export","fields":{"icon":"🚢","properties":{"20717ad3-5741-4416-83f1-6f133fff3d11":"6eea96c9-4c61-4968-8554-4b7537e8f748","50117d52-bcc7-4750-82aa-831a351c44a0":"ec6d2bc5-df2b-4f77-8479-e59ceb039946","60985f46-3e41-486e-8213-2b987440ea1c":"c01676ca-babf-4534-8be5-cce2287daa6c","f7f3ad42-b31a-4ac2-81f0-28ea80c5b34e":"e6a7f297-4440-4783-8ab3-3af5ba62ca11"}},"createAt":1607622847939,"updateAt":1607623104570,"deleteAt":0},{"id":"bbcd657a-a011-46d7-8705-ca948472f0e9","parentId":"d7f8378d-8145-4c82-84d6-affbeb7fd7da","rootId":"d7f8378d-8145-4c82-84d6-affbeb7fd7da","schema":1,"type":"view","title":"Tasks 🔨","fields":{"cardOrder":[],"columnWidths":{"__title":280},"filter":{"filters":[{"condition":"includes","propertyId":"20717ad3-5741-4416-83f1-6f133fff3d11","values":["6eea96c9-4c61-4968-8554-4b7537e8f748"]}],"operation":"and"},"hiddenOptionIds":[],"sortOptions":[{"propertyId":"f7f3ad42-b31a-4ac2-81f0-28ea80c5b34e","reversed":false}],"viewType":"table","visibleOptionIds":[],"visiblePropertyIds":["50117d52-bcc7-4750-82aa-831a351c44a0","20717ad3-5741-4416-83f1-6f133fff3d11","60985f46-3e41-486e-8213-2b987440ea1c","f7f3ad42-b31a-4ac2-81f0-28ea80c5b34e"]},"createAt":1607624489435,"updateAt":1607624508711,"deleteAt":0},{"id":"bc6ba4f3-457f-4cfd-8a99-ff6b075da0ab","parentId":"d7f8378d-8145-4c82-84d6-affbeb7fd7da","rootId":"d7f8378d-8145-4c82-84d6-affbeb7fd7da","schema":1,"type":"view","title":"Epics ⛰","fields":{"cardOrder":[],"columnWidths":{"__title":280},"filter":{"filters":[{"condition":"includes","propertyId":"20717ad3-5741-4416-83f1-6f133fff3d11","values":["424ea5e3-9aa1-4075-8c5c-01b44b66e634"]}],"operation":"and"},"hiddenOptionIds":[],"sortOptions":[{"propertyId":"60985f46-3e41-486e-8213-2b987440ea1c","reversed":false}],"viewType":"table","visibleOptionIds":[],"visiblePropertyIds":["50117d52-bcc7-4750-82aa-831a351c44a0","20717ad3-5741-4416-83f1-6f133fff3d11","60985f46-3e41-486e-8213-2b987440ea1c","f7f3ad42-b31a-4ac2-81f0-28ea80c5b34e"]},"createAt":1607623163745,"updateAt":1607624478938,"deleteAt":0},{"id":"c8f4580d-35b0-4331-87ac-c8168c5a86c9","parentId":"d7f8378d-8145-4c82-84d6-affbeb7fd7da","rootId":"d7f8378d-8145-4c82-84d6-affbeb7fd7da","schema":1,"type":"view","title":"By Status","fields":{"cardOrder":["9320d640-cfd7-45f3-8c21-da02017ec05b","b889886a-ff89-4e3d-80f6-529e671a3f98","5e6f15b1-22b8-4ef5-822a-ad223d21c200"],"columnWidths":{},"filter":{"filters":[],"operation":"and"},"groupById":"50117d52-bcc7-4750-82aa-831a351c44a0","hiddenOptionIds":[],"sortOptions":[{"propertyId":"f7f3ad42-b31a-4ac2-81f0-28ea80c5b34e","reversed":false}],"viewType":"board","visibleOptionIds":[],"visiblePropertyIds":["20717ad3-5741-4416-83f1-6f133fff3d11","60985f46-3e41-486e-8213-2b987440ea1c","f7f3ad42-b31a-4ac2-81f0-28ea80c5b34e"]},"createAt":1607622525131,"updateAt":1607623124700,"deleteAt":0},{"id":"e8c7e400-c4aa-427c-83e8-a471b5e812a8","parentId":"d7f8378d-8145-4c82-84d6-affbeb7fd7da","rootId":"d7f8378d-8145-4c82-84d6-affbeb7fd7da","schema":1,"type":"view","title":"Tasks by Status","fields":{"cardOrder":[],"columnWidths":{},"filter":{"filters":[{"condition":"includes","propertyId":"20717ad3-5741-4416-83f1-6f133fff3d11","values":["6eea96c9-4c61-4968-8554-4b7537e8f748"]}],"operation":"and"},"groupById":"50117d52-bcc7-4750-82aa-831a351c44a0","hiddenOptionIds":[],"sortOptions":[],"viewType":"board","visibleOptionIds":[],"visiblePropertyIds":["f7f3ad42-b31a-4ac2-81f0-28ea80c5b34e","60985f46-3e41-486e-8213-2b987440ea1c"]},"createAt":1607624526843,"updateAt":1607624543667,"deleteAt":0},{"id":"7e0ada05-4b81-4dda-80d6-f5505fec8d6b","parentId":"80119267-bbd7-44c7-8322-224e0cf2e768","rootId":"3fa520eb-30cd-4852-829a-ba3bc7e88e26","schema":1,"type":"text","title":"## Discussion items\n* One\n\n\n## Action items\n* Item - owner","fields":{},"createAt":1608325080363,"updateAt":1608325080363,"deleteAt":0}]}